{"text": "03:11 - 13:10 = (3:11) - (13:10) = (3 + 11/60) - (13 + 10/60) = 3.18333... - 13.16666... = -9.98333... hours.  \nAdd 24 hours for wrap-around: -9.98333 + 24 = 14.01666... hours = 14 hours + 0.01666*60 minutes ≈ 14 hours + 1 minute.  \nFINAL_ANSWER: 14:01", "latency": 6.082348108291626, "usage": {"prompt_tokens": 225, "completion_tokens": 118, "total_tokens": 343}, "error": null}